{"cameraMode":{"drawMode":0,"name":"Shaded","section":"Shading Mode"},"sceneLighting":false,"audioPlay":false,"sceneViewState":{"showFog":true,"showMaterialUpdate":false,"showSkybox":false,"showFlares":true,"showImageEffects":true,"showParticleSystems":true,"showVisualEffectGraphs":true,"m_FxEnabled":true},"in2DMode":false,"pivot":{"x":-0.09038175642490387,"y":1.0570203065872193,"z":0.06493121385574341},"rotation":{"x":-0.12135820835828781,"y":0.04821207374334335,"z":-0.005925423931330442,"w":-0.9913764595985413},"size":1.604461669921875,"orthographic":false}