{"cameraMode":{"drawMode":0,"name":"Shaded","section":"Shading Mode"},"sceneLighting":false,"audioPlay":false,"sceneViewState":{"showFog":true,"showMaterialUpdate":false,"showSkybox":false,"showFlares":true,"showImageEffects":true,"showParticleSystems":true,"showVisualEffectGraphs":true,"m_FxEnabled":true},"in2DMode":false,"pivot":{"x":0.10380363464355469,"y":0.05174459517002106,"z":0.0017766952514648438},"rotation":{"x":-0.07320766896009445,"y":-0.2986520230770111,"z":0.022981852293014528,"w":-0.9512296319007874},"size":0.4736136496067047,"orthographic":false}