{"cameraMode":{"drawMode":0,"name":"Shaded","section":"Shading Mode"},"sceneLighting":false,"audioPlay":false,"sceneViewState":{"showFog":true,"showMaterialUpdate":false,"showSkybox":false,"showFlares":true,"showImageEffects":true,"showParticleSystems":true,"showVisualEffectGraphs":true,"m_FxEnabled":true},"in2DMode":false,"pivot":{"x":1.8748093843460084,"y":3.2804465293884279,"z":-2.5852162837982179},"rotation":{"x":-0.23760415613651277,"y":0.15997092425823213,"z":-0.03973984345793724,"w":-0.9572280645370483},"size":0.000017320508050033823,"orthographic":false}